{
  "parent": "caves_and_cliffs_update_addon:custom/glowing_flower_thingy_v1",
  "textures": {
    "all": "caves_and_cliffs_update_addon:blocks/mushroomish_flower_turned_v1",
    "particle": "caves_and_cliffs_update_addon:blocks/mushroomish_flower_turned_v1",
    "2": "caves_and_cliffs_update_addon:blocks/mushroomish_flower_turned_v1",
    "3": "caves_and_cliffs_update_addon:blocks/mushroomish_flower_turned_v1",
    "missing": "caves_and_cliffs_update_addon:blocks/mushroomish_flower_turned_v1"
  }
}