{
  "credit": "Made with Blockbench",
  "elements": [
    {
      "from": [
        4,
        0,
        4
      ],
      "to": [
        12,
        16,
        12
      ],
      "rotation": {
        "angle": 0,
        "axis": "y",
        "origin": [
          17,
          8,
          17
        ]
      },
      "faces": {
        "north": {
          "uv": [
            5,
            0,
            12,
            16
          ],
          "texture": "#0"
        },
        "east": {
          "uv": [
            5,
            0,
            12,
            16
          ],
          "texture": "#0"
        },
        "south": {
          "uv": [
            5,
            0,
            12,
            16
          ],
          "texture": "#0"
        },
        "west": {
          "uv": [
            5,
            0,
            12,
            16
          ],
          "texture": "#0"
        },
        "up": {
          "uv": [
            5,
            0,
            13,
            7
          ],
          "texture": "#0"
        },
        "down": {
          "uv": [
            5,
            0,
            13,
            7
          ],
          "texture": "#0"
        }
      }
    }
  ],
  "display": {
    "thirdperson_righthand": {
      "translation": [
        0,
        2.5,
        0
      ],
      "scale": [
        0.375,
        0.375,
        0.375
      ]
    },
    "thirdperson_lefthand": {
      "rotation": [
        75,
        45,
        0
      ],
      "translation": [
        0,
        2.5,
        0
      ],
      "scale": [
        0.375,
        0.375,
        0.375
      ]
    },
    "firstperson_righthand": {
      "rotation": [
        0,
        45,
        0
      ],
      "scale": [
        0.4,
        0.4,
        0.4
      ]
    },
    "firstperson_lefthand": {
      "rotation": [
        0,
        225,
        0
      ],
      "scale": [
        0.4,
        0.4,
        0.4
      ]
    },
    "ground": {
      "translation": [
        0,
        3,
        0
      ],
      "scale": [
        0.25,
        0.25,
        0.25
      ]
    },
    "gui": {
      "rotation": [
        30,
        225,
        0
      ],
      "scale": [
        0.625,
        0.625,
        0.625
      ]
    },
    "fixed": {
      "scale": [
        0.5,
        0.5,
        0.5
      ]
    }
  }
}