{
  "meta": {
    "format_version": "3.6",
    "creation_time": 1605010599,
    "model_format": "modded_entity",
    "box_uv": true
  },
  "name": "glowsquid.json",
  "geometry_name": "geometry.squid",
  "modded_entity_version": "1.15",
  "visible_box": [
    1,
    1,
    0
  ],
  "layered_textures": false,
  "resolution": {
    "width": 64,
    "height": 32
  },
  "elements": [
    {
      "name": "body",
      "from": [
        -6,
        -8,
        -6
      ],
      "to": [
        6,
        8,
        6
      ],
      "autouv": 0,
      "color": 7,
      "locked": false,
      "shade": false,
      "origin": [
        8,
        8,
        8
      ],
      "faces": {
        "north": {
          "uv": [
            24,
            12,
            12,
            28
          ],
          "texture": 0
        },
        "east": {
          "uv": [
            36,
            12,
            24,
            28
          ],
          "texture": 0
        },
        "south": {
          "uv": [
            48,
            12,
            36,
            28
          ],
          "texture": 0
        },
        "west": {
          "uv": [
            12,
            12,
            0,
            28
          ],
          "texture": 0
        },
        "up": {
          "uv": [
            12,
            12,
            24,
            0
          ],
          "texture": 0
        },
        "down": {
          "uv": [
            24,
            0,
            36,
            12
          ],
          "texture": 0
        }
      },
      "uuid": "72f8d129-14ca-02f5-2b0b-5a5124d32218"
    },
    {
      "name": "tentacle1",
      "from": [
        4,
        -25,
        -1
      ],
      "to": [
        6,
        -7,
        1
      ],
      "autouv": 0,
      "color": 7,
      "locked": false,
      "shade": false,
      "origin": [
        8,
        8,
        8
      ],
      "uv_offset": [
        48,
        0
      ],
      "faces": {
        "north": {
          "uv": [
            52,
            2,
            50,
            20
          ],
          "texture": 0
        },
        "east": {
          "uv": [
            54,
            2,
            52,
            20
          ],
          "texture": 0
        },
        "south": {
          "uv": [
            56,
            2,
            54,
            20
          ],
          "texture": 0
        },
        "west": {
          "uv": [
            50,
            2,
            48,
            20
          ],
          "texture": 0
        },
        "up": {
          "uv": [
            50,
            2,
            52,
            0
          ],
          "texture": 0
        },
        "down": {
          "uv": [
            52,
            0,
            54,
            2
          ],
          "texture": 0
        }
      },
      "uuid": "19af9d44-b752-61d6-0e86-487b371ebec2"
    },
    {
      "name": "tentacle2",
      "from": [
        2.5,
        -25,
        2.5
      ],
      "to": [
        4.5,
        -7,
        4.5
      ],
      "autouv": 0,
      "color": 1,
      "locked": false,
      "shade": false,
      "origin": [
        8,
        8,
        8
      ],
      "uv_offset": [
        48,
        0
      ],
      "faces": {
        "north": {
          "uv": [
            52,
            2,
            50,
            20
          ],
          "texture": 0
        },
        "east": {
          "uv": [
            54,
            2,
            52,
            20
          ],
          "texture": 0
        },
        "south": {
          "uv": [
            56,
            2,
            54,
            20
          ],
          "texture": 0
        },
        "west": {
          "uv": [
            50,
            2,
            48,
            20
          ],
          "texture": 0
        },
        "up": {
          "uv": [
            50,
            2,
            52,
            0
          ],
          "texture": 0
        },
        "down": {
          "uv": [
            52,
            0,
            54,
            2
          ],
          "texture": 0
        }
      },
      "uuid": "779aa3d6-9d8c-61cd-14dd-0df7999757c3"
    },
    {
      "name": "tentacle3",
      "from": [
        -1,
        -25,
        4
      ],
      "to": [
        1,
        -7,
        6
      ],
      "autouv": 0,
      "color": 1,
      "locked": false,
      "shade": false,
      "origin": [
        8,
        8,
        8
      ],
      "uv_offset": [
        48,
        0
      ],
      "faces": {
        "north": {
          "uv": [
            52,
            2,
            50,
            20
          ],
          "texture": 0
        },
        "east": {
          "uv": [
            54,
            2,
            52,
            20
          ],
          "texture": 0
        },
        "south": {
          "uv": [
            56,
            2,
            54,
            20
          ],
          "texture": 0
        },
        "west": {
          "uv": [
            50,
            2,
            48,
            20
          ],
          "texture": 0
        },
        "up": {
          "uv": [
            50,
            2,
            52,
            0
          ],
          "texture": 0
        },
        "down": {
          "uv": [
            52,
            0,
            54,
            2
          ],
          "texture": 0
        }
      },
      "uuid": "1b3c89bb-239d-1c11-3725-030407f2cec3"
    },
    {
      "name": "tentacle4",
      "from": [
        -4.5,
        -25,
        2.5
      ],
      "to": [
        -2.5,
        -7,
        4.5
      ],
      "autouv": 0,
      "color": 1,
      "locked": false,
      "shade": false,
      "origin": [
        8,
        8,
        8
      ],
      "uv_offset": [
        48,
        0
      ],
      "faces": {
        "north": {
          "uv": [
            52,
            2,
            50,
            20
          ],
          "texture": 0
        },
        "east": {
          "uv": [
            54,
            2,
            52,
            20
          ],
          "texture": 0
        },
        "south": {
          "uv": [
            56,
            2,
            54,
            20
          ],
          "texture": 0
        },
        "west": {
          "uv": [
            50,
            2,
            48,
            20
          ],
          "texture": 0
        },
        "up": {
          "uv": [
            50,
            2,
            52,
            0
          ],
          "texture": 0
        },
        "down": {
          "uv": [
            52,
            0,
            54,
            2
          ],
          "texture": 0
        }
      },
      "uuid": "0042f830-a3d7-d89c-9f60-f27ec6ced518"
    },
    {
      "name": "tentacle5",
      "from": [
        -6,
        -25,
        -1
      ],
      "to": [
        -4,
        -7,
        1
      ],
      "autouv": 0,
      "color": 2,
      "locked": false,
      "shade": false,
      "origin": [
        8,
        8,
        8
      ],
      "uv_offset": [
        48,
        0
      ],
      "faces": {
        "north": {
          "uv": [
            52,
            2,
            50,
            20
          ],
          "texture": 0
        },
        "east": {
          "uv": [
            54,
            2,
            52,
            20
          ],
          "texture": 0
        },
        "south": {
          "uv": [
            56,
            2,
            54,
            20
          ],
          "texture": 0
        },
        "west": {
          "uv": [
            50,
            2,
            48,
            20
          ],
          "texture": 0
        },
        "up": {
          "uv": [
            50,
            2,
            52,
            0
          ],
          "texture": 0
        },
        "down": {
          "uv": [
            52,
            0,
            54,
            2
          ],
          "texture": 0
        }
      },
      "uuid": "e92e5d9b-09dd-3abe-4064-7f04cffb998e"
    },
    {
      "name": "tentacle6",
      "from": [
        -4.5,
        -25,
        -4.5
      ],
      "to": [
        -2.5,
        -7,
        -2.5
      ],
      "autouv": 0,
      "color": 4,
      "locked": false,
      "shade": false,
      "origin": [
        8,
        8,
        8
      ],
      "uv_offset": [
        48,
        0
      ],
      "faces": {
        "north": {
          "uv": [
            52,
            2,
            50,
            20
          ],
          "texture": 0
        },
        "east": {
          "uv": [
            54,
            2,
            52,
            20
          ],
          "texture": 0
        },
        "south": {
          "uv": [
            56,
            2,
            54,
            20
          ],
          "texture": 0
        },
        "west": {
          "uv": [
            50,
            2,
            48,
            20
          ],
          "texture": 0
        },
        "up": {
          "uv": [
            50,
            2,
            52,
            0
          ],
          "texture": 0
        },
        "down": {
          "uv": [
            52,
            0,
            54,
            2
          ],
          "texture": 0
        }
      },
      "uuid": "8fc0546f-926e-ac63-9519-0b014d14034b"
    },
    {
      "name": "tentacle7",
      "from": [
        -1,
        -25,
        -6
      ],
      "to": [
        1,
        -7,
        -4
      ],
      "autouv": 0,
      "color": 0,
      "locked": false,
      "shade": false,
      "origin": [
        8,
        8,
        8
      ],
      "uv_offset": [
        48,
        0
      ],
      "faces": {
        "north": {
          "uv": [
            52,
            2,
            50,
            20
          ],
          "texture": 0
        },
        "east": {
          "uv": [
            54,
            2,
            52,
            20
          ],
          "texture": 0
        },
        "south": {
          "uv": [
            56,
            2,
            54,
            20
          ],
          "texture": 0
        },
        "west": {
          "uv": [
            50,
            2,
            48,
            20
          ],
          "texture": 0
        },
        "up": {
          "uv": [
            50,
            2,
            52,
            0
          ],
          "texture": 0
        },
        "down": {
          "uv": [
            52,
            0,
            54,
            2
          ],
          "texture": 0
        }
      },
      "uuid": "995ae5e3-cd4e-b16c-3af6-5d3830497e4f"
    },
    {
      "name": "tentacle8",
      "from": [
        2.5,
        -25,
        -4.5
      ],
      "to": [
        4.5,
        -7,
        -2.5
      ],
      "autouv": 0,
      "color": 7,
      "locked": false,
      "shade": false,
      "origin": [
        8,
        8,
        8
      ],
      "uv_offset": [
        48,
        0
      ],
      "faces": {
        "north": {
          "uv": [
            52,
            2,
            50,
            20
          ],
          "texture": 0
        },
        "east": {
          "uv": [
            54,
            2,
            52,
            20
          ],
          "texture": 0
        },
        "south": {
          "uv": [
            56,
            2,
            54,
            20
          ],
          "texture": 0
        },
        "west": {
          "uv": [
            50,
            2,
            48,
            20
          ],
          "texture": 0
        },
        "up": {
          "uv": [
            50,
            2,
            52,
            0
          ],
          "texture": 0
        },
        "down": {
          "uv": [
            52,
            0,
            54,
            2
          ],
          "texture": 0
        }
      },
      "uuid": "bcdbd682-2b7f-0ca4-f5b6-1f2602e7ae5a"
    }
  ],
  "outliner": [
    {
      "name": "body",
      "origin": [
        0,
        0,
        0
      ],
      "shade": false,
      "uuid": "d6cef0b0-433a-d6f9-100e-46b53c20a1e0",
      "export": true,
      "isOpen": false,
      "locked": false,
      "visibility": true,
      "autouv": 0,
      "children": [
        "72f8d129-14ca-02f5-2b0b-5a5124d32218"
      ]
    },
    {
      "name": "tentacle1",
      "origin": [
        5,
        -7,
        0
      ],
      "rotation": [
        0,
        90,
        0
      ],
      "shade": false,
      "uuid": "a9a1e977-9960-94dc-540f-1c0d0af33b71",
      "export": true,
      "isOpen": false,
      "locked": false,
      "visibility": true,
      "autouv": 0,
      "children": [
        "19af9d44-b752-61d6-0e86-487b371ebec2"
      ]
    },
    {
      "name": "tentacle2",
      "origin": [
        3.5,
        -7,
        3.5
      ],
      "rotation": [
        0,
        45,
        0
      ],
      "shade": false,
      "uuid": "1f30ed4e-b53b-d34e-e072-7b4bda353422",
      "export": true,
      "isOpen": false,
      "locked": false,
      "visibility": true,
      "autouv": 0,
      "children": [
        "779aa3d6-9d8c-61cd-14dd-0df7999757c3"
      ]
    },
    {
      "name": "tentacle3",
      "origin": [
        0,
        -7,
        5
      ],
      "shade": false,
      "uuid": "4050716a-c3d8-cb09-c311-c27372989ae1",
      "export": true,
      "isOpen": false,
      "locked": false,
      "visibility": true,
      "autouv": 0,
      "children": [
        "1b3c89bb-239d-1c11-3725-030407f2cec3"
      ]
    },
    {
      "name": "tentacle4",
      "origin": [
        -3.5,
        -7,
        3.5
      ],
      "rotation": [
        0,
        -45,
        0
      ],
      "shade": false,
      "uuid": "f35f2bd8-13c3-2413-6a15-6e6c79f75ef2",
      "export": true,
      "isOpen": false,
      "locked": false,
      "visibility": true,
      "autouv": 0,
      "children": [
        "0042f830-a3d7-d89c-9f60-f27ec6ced518"
      ]
    },
    {
      "name": "tentacle5",
      "origin": [
        -5,
        -7,
        0
      ],
      "rotation": [
        0,
        -90,
        0
      ],
      "shade": false,
      "uuid": "f8dec41e-9a8e-f2cd-93e3-cd8079f892ac",
      "export": true,
      "isOpen": false,
      "locked": false,
      "visibility": true,
      "autouv": 0,
      "children": [
        "e92e5d9b-09dd-3abe-4064-7f04cffb998e"
      ]
    },
    {
      "name": "tentacle6",
      "origin": [
        -3.5,
        -7,
        -3.5
      ],
      "rotation": [
        0,
        -135,
        0
      ],
      "shade": false,
      "uuid": "31980cea-e2e4-32d8-5a16-a605e8d24b0f",
      "export": true,
      "isOpen": false,
      "locked": false,
      "visibility": true,
      "autouv": 0,
      "children": [
        "8fc0546f-926e-ac63-9519-0b014d14034b"
      ]
    },
    {
      "name": "tentacle7",
      "origin": [
        0,
        -7,
        -5
      ],
      "rotation": [
        0,
        -180,
        0
      ],
      "shade": false,
      "uuid": "65f64b66-bf25-5c96-0d10-dd8a278ca09c",
      "export": true,
      "isOpen": false,
      "locked": false,
      "visibility": true,
      "autouv": 0,
      "children": [
        "995ae5e3-cd4e-b16c-3af6-5d3830497e4f"
      ]
    },
    {
      "name": "tentacle8",
      "origin": [
        3.5,
        -7,
        -3.5
      ],
      "rotation": [
        0,
        -225,
        0
      ],
      "shade": false,
      "uuid": "2ff90907-41c6-17ad-9c0b-3145a48b31f5",
      "export": true,
      "isOpen": false,
      "locked": false,
      "visibility": true,
      "autouv": 0,
      "children": [
        "bcdbd682-2b7f-0ca4-f5b6-1f2602e7ae5a"
      ]
    }
  ]
}