{
  "credit": "Made with Blockbench",
  "elements": [
    {
      "from": [
        6,
        0,
        -6
      ],
      "to": [
        6,
        16,
        10
      ],
      "rotation": {
        "angle": 45,
        "axis": "y",
        "origin": [
          14,
          8,
          3
        ]
      },
      "faces": {
        "north": {
          "uv": [
            0,
            0,
            0,
            16
          ],
          "texture": "#1"
        },
        "east": {
          "uv": [
            0,
            0,
            16,
            16
          ],
          "texture": "#2"
        },
        "south": {
          "uv": [
            0,
            0,
            0,
            16
          ],
          "texture": "#1"
        },
        "west": {
          "uv": [
            0,
            0,
            16,
            16
          ],
          "texture": "#2"
        },
        "up": {
          "uv": [
            0,
            0,
            0,
            16
          ],
          "texture": "#1"
        },
        "down": {
          "uv": [
            0,
            0,
            0,
            16
          ],
          "texture": "#1"
        }
      }
    },
    {
      "from": [
        0,
        0,
        8
      ],
      "to": [
        16,
        16,
        8
      ],
      "rotation": {
        "angle": 45,
        "axis": "y",
        "origin": [
          8,
          8,
          8
        ]
      },
      "faces": {
        "north": {
          "uv": [
            0,
            0,
            16,
            16
          ],
          "texture": "#2"
        },
        "east": {
          "uv": [
            0,
            0,
            0,
            16
          ],
          "texture": "#1"
        },
        "south": {
          "uv": [
            0,
            0,
            16,
            16
          ],
          "texture": "#2"
        },
        "west": {
          "uv": [
            0,
            0,
            0,
            16
          ],
          "texture": "#1"
        },
        "up": {
          "uv": [
            0,
            0,
            16,
            0
          ],
          "texture": "#1"
        },
        "down": {
          "uv": [
            0,
            0,
            16,
            0
          ],
          "texture": "#1"
        }
      }
    }
  ],
  "display": {
    "thirdperson_righthand": {
      "translation": [
        0,
        5.75,
        1.25
      ]
    },
    "ground": {
      "translation": [
        0,
        5,
        0
      ]
    },
    "gui": {
      "rotation": [
        0,
        -45,
        0
      ]
    },
    "head": {
      "rotation": [
        0,
        -45,
        0
      ],
      "translation": [
        0,
        9.25,
        0
      ]
    },
    "fixed": {
      "rotation": [
        0,
        -44.75,
        0
      ],
      "translation": [
        0,
        0,
        7.75
      ]
    }
  }
}